algorithm,total_runs,valid_runs,failed_runs,failure_rate,minimum_rmse,median_rmse,mean_rmse,std_rmse,q10_rmse,q90_rmse,iqr_valid,mean_rmse_at_failure,robustness_metric
Hysteresis,216,141,75,0.3472,0.0,2.220446049250313e-16,3.7716087148613475e-16,2.9370126216843786e-16,1.1102230246251563e-16,7.771561172376097e-16,6.66133814775094e-16,0.48089775136666657,0.16697838589120434
Std Dev Window,80,10,70,0.875,1.1102230246251563e-16,3.3306690738754696e-16,4.2188474935755947e-16,2.7594744093169344e-16,2.1094237467877973e-16,8.881784197001252e-16,6.7723604502134545e-16,0.47751428807428564,0.4178250020650006
Derivative Integration,500,442,58,0.116,0.0007729406542652,0.0259322435445639,0.04658590176308744,0.05301840932354535,0.0019114486281746,0.11072141432890364,0.10880996570072904,0.5758633066,0.17561010926632903
BOCD,81,81,0,0.0,0.0021430274,0.0271358764,0.022872891688888886,0.016583617616476823,0.0021430274,0.0462609306,0.0441179032,0.0,0.0441179032
